{"Random Forest": {"MAE": 0.8431437125748503, "RMSE": 1.0500575975077902, "R2": 0.4674385659407686}, "Neural Network": {"MAE": 0.828425407409668, "RMSE": 1.0281953944076563, "R2": 0.4893835783004761}}