{"Random Forest": {"MAE": 0.8431437125748503, "RMSE": 1.0500575975077902, "R2": 0.4674385659407686}, "Neural Network": {"MAE": 0.8410810828208923, "RMSE": 1.030582096092839, "R2": 0.48701030015945435}}