{"Random Forest": {"MAE": 0.8431437125748503, "RMSE": 1.0500575975077902, "R2": 0.4674385659407686}, "XGBoost": {"MAE": 0.8250330686569214, "RMSE": 1.0208803801821589, "R2": 0.4966232180595398}, "Neural Network": {"MAE": 0.8297415971755981, "RMSE": 1.025472815716397, "R2": 0.4920841455459595}}