{"Random Forest": {"MAE": 0.8431437125748503, "RMSE": 1.0500575975077902, "R2": 0.4674385659407686}, "Neural Network": {"MAE": 0.845062255859375, "RMSE": 1.0363362622220171, "R2": 0.4812658429145813}}